{
	"N": 110000,
	"NI": 10,
	"NC": 40,
	"T": 0.026,
	"C": 12,
	"NU": 7,
	"A1": 0.10,
	"A2": 0.08,
	"A3": 0.6799999999999999,
	"A4": 0.32,
	"A5": 21,
	"A6": 0.48,
	"A7": 0.2,
	"A8": 7,
	"A9": 0,
	"A10": 10,
	"A11": 7,
	"RN": 1,
	"RNI": 0,
	"RNC": 17,
	"RT": 0.026,
	"RC": 12,
	"RNU": 7,
	"RA1": 0.1,
	"RA2": 0.08,
	"RA3": 0.6799999999999999,
	"RA4": 0.32,
	"RA5": 21,
	"RA6": 0.48,
	"RA7": 0.2,
	"RA8": 7,
	"RA9": 0,
	"RA10": 10,
	"A11": 7,
}